{
  "employees": [
    {
      "id": 1,
      "first_name": "John",
      "last_name": "Doe",
      "email": "john.doe@example.com",
      "position": "Software Engineer",
      "department": "Engineering",
      "date_hired": "2020-05-12",
      "salary": 85000
    },
    {
      "id": 2,
      "first_name": "Jane",
      "last_name": "Smith",
      "email": "jane.smith@example.com",
      "position": "Product Manager",
      "department": "Product",
      "date_hired": "2018-09-23",
      "salary": 95000
    },
    {
      "id": 3,
      "first_name": "Emily",
      "last_name": "Johnson",
      "email": "emily.johnson@example.com",
      "position": "Marketing Specialist",
      "department": "Marketing",
      "date_hired": "2021-02-15",
      "salary": 60000
    }
  ]
}